1075391489_1.jpg	16
108232382_1.jpg	4
108232417_1.jpg	15
109950015_2.jpg	15
1107796028_2.jpg	4
1111800334_1.jpg	24
111389662_1.jpg	13
115519078_1.jpg	6
117933049_3.jpg	15
1201452086_1.jpg	9
1224626332_1.jpg	8
1224628248_2.jpg	8
1230939811_1.jpg	1
1230939811_2.jpg	1
123937306_4.jpg	15
1251769192_1.jpg	12
1263617360_1.jpg	11
128500912_1.jpg	5
128500912_2.jpg	5
132888485_3.jpg	5
13455389_2.jpg	11
1352999361_2.jpg	13
1354674694_4.jpg	5
1358914296_1.jpg	21
1358914336_2.jpg	21
1358914336_3.jpg	21
1359885883_2.jpg	16
1381841108_5.jpg	15
1391981336_1.jpg	23
1402065041_1.jpg	19
1408921955_6.jpg	15
1412494805_2.jpg	6
1412494805_3.jpg	6
142479250_1.jpg	14
144488978_1.jpg	17
144503924_3.jpg	1
145074777_4.jpg	1
145116964_3.jpg	13
1484583303_2.jpg	23
1484583303_3.jpg	23
1485104539_5.jpg	5
1492071424_3.jpg	11
1508285598_4.jpg	21
153237185_4.jpg	13
159166594_1.jpg	7
159166596_4.jpg	6
1597577216_2.jpg	17
1597577216_3.jpg	17
1597577216_4.jpg	17
1597577216_5.jpg	17
162002009_2.jpg	14
1639660678_2.jpg	19
165133120_3.jpg	8
165691999_2.jpg	9
1690276845_3.jpg	19
170453766_1.jpg	26
170453766_2.jpg	26
170453766_3.jpg	26
170557401_2.jpg	12
170557401_3.jpg	12
170557401_4.jpg	12
1833817340_5.jpg	13
18526789_5.jpg	12
185712356_1.jpg	3
18581717_7.jpg	15
1888260223_4.jpg	26
18945268_6.jpg	5
18945268_7.jpg	5
18945268_8.jpg	5
18945268_9.jpg	5
18945268_10.jpg	5
18945268_11.jpg	5
18945268_12.jpg	5
18945268_13.jpg	5
18945268_14.jpg	5
18945268_15.jpg	5
18945268_16.jpg	5
18945268_17.jpg	5
18945268_18.jpg	5
18945268_19.jpg	5
18945268_20.jpg	5
18945268_21.jpg	5
18945268_22.jpg	5
18945268_23.jpg	5
18945268_24.jpg	5
18945268_25.jpg	5
18945268_26.jpg	5
18945268_27.jpg	5
18945268_28.jpg	5
18945268_29.jpg	5
18945268_30.jpg	5
18945268_31.jpg	5
18945268_32.jpg	5
18945268_33.jpg	5
18945268_34.jpg	5
18945268_35.jpg	5
189568643_6.jpg	13
1925162720_7.jpg	13
193274877_1.jpg	22
194328418_36.jpg	5
19731441_2.jpg	22
198509094_8.jpg	13
202435355_8.jpg	15
2070616132_2.jpg	3
2073319900_5.jpg	21
2073826793_3.jpg	14
2080839955_3.jpg	4
208158931_3.jpg	16
2090094285_5.jpg	6
2111299790_9.jpg	13
2121332821_4.jpg	4
212161092_6.jpg	21
2126991906_1.jpg	27
2132909220_1.jpg	10
213783134_2.jpg	7
2149071419_3.jpg	22
2160849129_3.jpg	7
2168708196_2.jpg	27
2169121853_6.jpg	12
217288720_3.jpg	27
2175802759_2.jpg	24
2175812747_3.jpg	24
2176584286_4.jpg	24
2180293872_6.jpg	6
2196352484_4.jpg	23
2201490255_4.jpg	8
2209126349_7.jpg	6
2219451836_4.jpg	22
2224243813_9.jpg	15
2228221904_3.jpg	9
2237130264_3.jpg	3
2244358347_5.jpg	22
2246298716_7.jpg	21
224886291_4.jpg	9
2256858637_4.jpg	11
2263927086_4.jpg	27
2270013615_1.jpg	2
2274089022_2.jpg	2
2274303482_1.jpg	25
228153666_5.jpg	23
228464385_6.jpg	23
229746392_6.jpg	17
229746392_7.jpg	17
229746392_8.jpg	17
229840376_7.jpg	23
229840376_8.jpg	23
229840376_9.jpg	23
231655451_1.jpg	20
2317967173_5.jpg	11
2318775604_10.jpg	13
2329810624_8.jpg	6
2333110366_11.jpg	13
233507685_37.jpg	5
2348900650_4.jpg	7
2350426312_5.jpg	7
2350505168_9.jpg	6
2356560497_6.jpg	22
236248972_3.jpg	2
2364685038_12.jpg	13
2368653535_4.jpg	16
2383222548_2.jpg	20
239985057_4.jpg	14
2401584750_4.jpg	2
2403699729_5.jpg	1
2406598998_3.jpg	20
2407784266_13.jpg	13
2413159667_14.jpg	13
2416565238_10.jpg	23
2418409523_11.jpg	23
2421111243_12.jpg	23
2421405885_13.jpg	23
2421560364_5.jpg	16
2422219264_14.jpg	23
2422219264_15.jpg	23
2423654138_5.jpg	26
2423655766_6.jpg	26
2425891764_5.jpg	2
2427198460_9.jpg	17
2427198460_10.jpg	17
2427198460_11.jpg	17
2427200136_12.jpg	17
2435021305_38.jpg	5
2435838064_39.jpg	5
2439319086_16.jpg	23
2445338870_7.jpg	26
2445745857_5.jpg	4
2445982293_5.jpg	8
2450743885_6.jpg	1
2451569770_7.jpg	1
2452451692_6.jpg	16
2457001875_4.jpg	20
2457001875_5.jpg	20
2457001875_6.jpg	20
2457001875_7.jpg	20
2457001875_8.jpg	20
2457001875_9.jpg	20
2457001875_10.jpg	20
2457001875_11.jpg	20
2457001875_12.jpg	20
2459989055_6.jpg	7
2460201219_7.jpg	16
2463217235_5.jpg	9
2463686290_8.jpg	21
2463686290_9.jpg	21
246526320_40.jpg	5
2472817996_5.jpg	27
2476100758_41.jpg	5
2485974348_6.jpg	9
250858537_10.jpg	15
2514220918_6.jpg	27
2514607078_7.jpg	9
2514607078_8.jpg	9
2515731280_5.jpg	24
2516793607_11.jpg	15
2518709496_8.jpg	16
2519143928_6.jpg	8
2519368987_1.jpg	18
2519368987_2.jpg	18
2530090035_9.jpg	16
2531530868_13.jpg	17
2533950636_2.jpg	10
2534155497_8.jpg	1
2548848227_7.jpg	7
2550056374_9.jpg	1
2553832700_10.jpg	1
255547402_4.jpg	3
255740214_9.jpg	9
2562313655_17.jpg	23
2562313655_18.jpg	23
2562313655_19.jpg	23
2568847460_20.jpg	23
2568847460_21.jpg	23
2578628547_13.jpg	20
2583801040_6.jpg	2
2584787090_14.jpg	17
258770610_8.jpg	26
258770610_9.jpg	26
2587818591_8.jpg	7
2587818591_9.jpg	7
260863506_5.jpg	14
2609822722_15.jpg	17
2615405816_10.jpg	21
2616906744_6.jpg	14
2618900486_7.jpg	22
2618900486_8.jpg	22
2618900486_9.jpg	22
2620571508_10.jpg	26
2620571508_11.jpg	26
2646033238_11.jpg	21
2650126854_7.jpg	14
2650497443_3.jpg	18
2650497443_4.jpg	18
2652633857_15.jpg	13
2654519236_7.jpg	27
2656155309_10.jpg	16
2656406197_12.jpg	26
2656406197_13.jpg	26
2662264721_12.jpg	21
2674622648_6.jpg	4
2675240640_6.jpg	11
2675240646_7.jpg	11
2677577557_8.jpg	14
2680574577_10.jpg	7
2681480174_9.jpg	14
2698169582_6.jpg	24
2698169582_7.jpg	24
2716412211_11.jpg	16
2725772074_5.jpg	3
2725772074_6.jpg	3
2725772074_7.jpg	3
2725772074_8.jpg	3
2725772074_9.jpg	3
2725852441_10.jpg	22
272645705_3.jpg	10
2727066466_8.jpg	27
2729995962_8.jpg	11
2730165711_13.jpg	21
2760763703_14.jpg	20
2762358474_4.jpg	10
2766150734_5.jpg	10
2766852637_14.jpg	26
2767698530_15.jpg	26
2767935306_9.jpg	27
2774437111_6.jpg	10
2777121253_7.jpg	10
2777758833_8.jpg	10
2777979668_9.jpg	10
2780928833_10.jpg	10
2783736621_11.jpg	10
2786523391_12.jpg	10
2789662807_10.jpg	3
2789664089_11.jpg	3
2789664089_12.jpg	3
2790511610_13.jpg	3
2792076321_10.jpg	6
2792546855_12.jpg	15
2792685284_10.jpg	27
2794725337_12.jpg	16
2795207851_4.jpg	19
2795236586_7.jpg	2
2801899525_11.jpg	22
2809730445_13.jpg	16
281143123_22.jpg	23
281143147_23.jpg	23
281143147_24.jpg	23
2818828296_25.jpg	23
282208842_15.jpg	20
282628483_16.jpg	20
28271069_11.jpg	7
2838426683_16.jpg	17
2839448306_13.jpg	10
2844210941_5.jpg	18
2844210941_6.jpg	18
284602830_10.jpg	14
2846084211_7.jpg	4
2855164257_17.jpg	17
2858462390_17.jpg	20
2865521932_13.jpg	15
2866536247_12.jpg	22
2867420595_2.jpg	25
2868736304_16.jpg	13
2874574766_14.jpg	3
2887641700_11.jpg	14
2887641700_12.jpg	14
2891341625_18.jpg	17
2898435362_14.jpg	10
2900584649_13.jpg	22
2908611911_16.jpg	26
2913811697_13.jpg	14
2920059304_26.jpg	23
2920077270_8.jpg	24
2921061781_17.jpg	13
2921061781_18.jpg	13
2921061781_19.jpg	13
2921061781_20.jpg	13
2921061781_21.jpg	13
2921061781_22.jpg	13
2921061781_23.jpg	13
2921061781_24.jpg	13
2926640633_9.jpg	24
2938026725_10.jpg	9
2938879364_11.jpg	9
2940596257_42.jpg	5
2941703909_14.jpg	21
2941703909_15.jpg	21
2950778833_8.jpg	4
2958187326_14.jpg	15
2960027434_7.jpg	18
2960027434_8.jpg	18
2962045_43.jpg	5
2974365916_27.jpg	23
2974365916_28.jpg	23
2974365916_29.jpg	23
2974365916_30.jpg	23
2978106177_15.jpg	3
2982186650_3.jpg	25
2983583413_9.jpg	18
2983583413_10.jpg	18
2988490694_11.jpg	18
2988490694_12.jpg	18
2989750063_11.jpg	6
2990076322_11.jpg	27
2990076322_12.jpg	27
2990076322_13.jpg	27
2990076322_14.jpg	27
2990076322_15.jpg	27
2990076322_16.jpg	27
2990076322_17.jpg	27
2993064866_31.jpg	23
299768792_8.jpg	2
3002642406_13.jpg	18
3002734592_18.jpg	27
3005794070_11.jpg	1
3006946827_9.jpg	2
3007885565_12.jpg	1
3016882365_7.jpg	8
3023420658_10.jpg	2
3039312526_10.jpg	24
3046979862_12.jpg	7
3051999324_7.jpg	12
3051999324_8.jpg	12
3051999324_9.jpg	12
3051999324_10.jpg	12
3054222264_19.jpg	17
3055058872_8.jpg	8
3065654531_11.jpg	2
3088544942_13.jpg	7
3088829946_14.jpg	18
3088829946_15.jpg	18
3088829946_16.jpg	18
3088829946_17.jpg	18
3088829946_18.jpg	18
3088829946_19.jpg	18
3088829946_20.jpg	18
3088829946_21.jpg	18
3088829946_22.jpg	18
3088829946_23.jpg	18
3088829946_24.jpg	18
3088829946_25.jpg	18
3088829946_26.jpg	18
3088829946_27.jpg	18
3089967648_16.jpg	3
3091292844_14.jpg	14
3091292844_15.jpg	14
3099884211_9.jpg	4
3101502490_16.jpg	21
3101679471_15.jpg	10
3103582592_14.jpg	7
3103582592_15.jpg	7
3103735966_28.jpg	18
3103735966_29.jpg	18
310688144_16.jpg	10
3107573789_19.jpg	27
310764290_17.jpg	21
310764290_18.jpg	21
3109158407_18.jpg	20
3116688672_14.jpg	16
3117510822_30.jpg	18
3117510822_31.jpg	18
3117510822_32.jpg	18
3117510822_33.jpg	18
3117510822_34.jpg	18
3117510822_35.jpg	18
3117510822_36.jpg	18
3117510822_37.jpg	18
3117510822_38.jpg	18
3117510822_39.jpg	18
3117510822_40.jpg	18
3117510822_41.jpg	18
3117510822_42.jpg	18
3117510822_43.jpg	18
3118428220_44.jpg	18
3118428220_45.jpg	18
3118428220_46.jpg	18
3119389772_17.jpg	26
3119389942_18.jpg	26
3125626922_12.jpg	2
3147491623_11.jpg	12
3152384527_11.jpg	24
3152384527_12.jpg	24
3153222474_13.jpg	24
3153222474_14.jpg	24
3153222474_15.jpg	24
3153892834_5.jpg	19
3154099645_47.jpg	18
3154099645_48.jpg	18
3161927635_49.jpg	18
3161927635_50.jpg	18
3161927635_51.jpg	18
3164722529_19.jpg	20
3164722903_20.jpg	20
3165551816_21.jpg	20
3165552688_22.jpg	20
3165553650_23.jpg	20
3168295809_20.jpg	17
3171215617_44.jpg	5
3171215617_45.jpg	5
3177582448_52.jpg	18
3177582448_53.jpg	18
3187422169_13.jpg	2
3189246589_54.jpg	18
3189246589_55.jpg	18
3189955469_56.jpg	18
3189955469_57.jpg	18
3189955469_58.jpg	18
3189955469_59.jpg	18
3189955469_60.jpg	18
3189955469_61.jpg	18
3189955469_62.jpg	18
3189955469_63.jpg	18
3189955469_64.jpg	18
3189955469_65.jpg	18
3189955469_66.jpg	18
3190245804_67.jpg	18
3190245804_68.jpg	18
3190306185_14.jpg	2
3190556167_12.jpg	12
3193687005_12.jpg	6
3201785057_9.jpg	11
3202360116_69.jpg	18
3202360116_70.jpg	18
3204050952_10.jpg	11
3206116179_9.jpg	8
3207823105_71.jpg	18
320803742_25.jpg	13
320803821_26.jpg	13
320988995_4.jpg	25
320988995_5.jpg	25
320988997_6.jpg	25
3213763363_72.jpg	18
321721915_13.jpg	6
3218275786_17.jpg	3
3218467456_73.jpg	18
3221088943_20.jpg	27
3223329020_19.jpg	21
3223329020_20.jpg	21
3230189747_16.jpg	14
3230189747_17.jpg	14
3231215333_17.jpg	10
3231215333_18.jpg	10
3231215333_19.jpg	10
3231989873_19.jpg	26
3237225190_24.jpg	20
3237339381_74.jpg	18
3237339381_75.jpg	18
3237339381_76.jpg	18
3237339381_77.jpg	18
3237339381_78.jpg	18
3237339381_79.jpg	18
3237339381_80.jpg	18
3237339381_81.jpg	18
3239862307_32.jpg	23
3244264597_13.jpg	12
3250788579_11.jpg	11
3256349355_10.jpg	4
3256349355_11.jpg	4
3259516433_12.jpg	4
3259516433_13.jpg	4
3259516433_14.jpg	4
3259516433_15.jpg	4
3259683064_18.jpg	14
3260956088_25.jpg	20
3261774945_15.jpg	2
3261970877_19.jpg	14
3270796445_10.jpg	8
3270797445_26.jpg	20
3270912795_33.jpg	23
3270912795_34.jpg	23
3270912795_35.jpg	23
3270957373_7.jpg	25
3271369237_20.jpg	26
3274818430_20.jpg	14
3283915433_12.jpg	11
3284636128_15.jpg	15
3289829246_46.jpg	5
3294282629_13.jpg	1
3294282629_14.jpg	1
3294282629_15.jpg	1
3294282629_16.jpg	1
3294282629_17.jpg	1
3294282629_18.jpg	1
3294282629_19.jpg	1
3294282629_20.jpg	1
3294282629_21.jpg	1
3294282629_22.jpg	1
3294282629_23.jpg	1
3294282629_24.jpg	1
3299731311_11.jpg	8
3300554626_12.jpg	8
3301525494_6.jpg	19
3308750600_25.jpg	1
3311766713_12.jpg	9
3320878793_16.jpg	15
3320880343_17.jpg	15
3321350350_13.jpg	9
3321350768_14.jpg	9
332368134_21.jpg	26
332368134_22.jpg	26
332368134_23.jpg	26
332368134_24.jpg	26
332368134_25.jpg	26
3323870855_18.jpg	15
3324939734_15.jpg	9
3324939734_16.jpg	9
3324939734_17.jpg	9
3324939734_18.jpg	9
3324939734_19.jpg	9
3324939734_20.jpg	9
3325271357_16.jpg	7
332913436_47.jpg	5
3330276462_27.jpg	13
3333221097_18.jpg	3
3334662226_7.jpg	19
3335592732_8.jpg	25
3342270648_14.jpg	22
3343182248_19.jpg	3
3349950493_16.jpg	24
3349950493_17.jpg	24
3350050876_21.jpg	9
335747797_13.jpg	11
335747955_14.jpg	11
335747955_15.jpg	11
3361771335_21.jpg	17
3369741917_20.jpg	3
3369768399_16.jpg	4
3370538988_14.jpg	6
3373561589_21.jpg	21
3373561589_22.jpg	21
3373563795_23.jpg	21
3378307349_17.jpg	4
3382280605_18.jpg	4
3386936621_19.jpg	4
339019736_17.jpg	7
339296129_16.jpg	2
3394794243_13.jpg	8
3405883135_19.jpg	15
3408406007_26.jpg	26
3408406007_27.jpg	26
3408406007_28.jpg	26
3408406007_29.jpg	26
3408406007_30.jpg	26
3408406007_31.jpg	26
3408406007_32.jpg	26
3408406007_33.jpg	26
3415435326_20.jpg	4
3422008846_15.jpg	6
3424492874_8.jpg	19
3428192889_18.jpg	7
3429181479_9.jpg	19
3455836079_14.jpg	8
3456463952_21.jpg	3
3462654085_16.jpg	11
3468967682_16.jpg	6
3469867139_21.jpg	27
3469867139_22.jpg	27
3473801010_21.jpg	14
3484102206_18.jpg	24
3487994615_15.jpg	22
3490411517_9.jpg	25
3491655774_16.jpg	22
3491687556_17.jpg	6
3496048421_17.jpg	11
3496048941_18.jpg	11
3496862594_19.jpg	11
3496863144_20.jpg	11
3497593254_22.jpg	14
3510604107_14.jpg	12
3513049256_17.jpg	2
3514397412_22.jpg	9
351548830_22.jpg	17
3520033212_15.jpg	12
3521287781_27.jpg	20
3528741517_20.jpg	15
3528942547_82.jpg	18
3528942547_83.jpg	18
3531294484_17.jpg	22
3531689273_34.jpg	26
3534174626_21.jpg	4
3539566827_18.jpg	22
3539566827_19.jpg	22
3539566827_20.jpg	22
3539566827_21.jpg	22
3539566827_22.jpg	22
3539566827_23.jpg	22
3539566827_24.jpg	22
3539566827_25.jpg	22
3539566827_26.jpg	22
3539566827_27.jpg	22
3539566827_28.jpg	22
3539566827_29.jpg	22
3539566827_30.jpg	22
3539566827_31.jpg	22
3539566827_32.jpg	22
3539566827_33.jpg	22
3539566827_34.jpg	22
3539566827_35.jpg	22
3539566827_36.jpg	22
3539566827_37.jpg	22
3539566827_38.jpg	22
3539566827_39.jpg	22
3539566827_40.jpg	22
3539566827_41.jpg	22
3541292073_26.jpg	1
3544071352_42.jpg	22
354643240_18.jpg	2
3547613093_10.jpg	19
3547613093_11.jpg	19
3547613093_12.jpg	19
3547613093_13.jpg	19
3547613093_14.jpg	19
3547613093_15.jpg	19
355018646_23.jpg	17
3563528611_16.jpg	19
3570522135_15.jpg	16
3571331128_16.jpg	16
3571544780_15.jpg	8
3577850173_22.jpg	4
3577850173_23.jpg	4
3577850173_24.jpg	4
3577850173_25.jpg	4
3577850173_26.jpg	4
3577850173_27.jpg	4
3577850173_28.jpg	4
3577850173_29.jpg	4
3577850173_30.jpg	4
3577850173_31.jpg	4
3577850173_32.jpg	4
3577850173_33.jpg	4
3577850173_34.jpg	4
3577850173_35.jpg	4
3577850173_36.jpg	4
3577850173_37.jpg	4
3578893662_84.jpg	18
3579477706_21.jpg	15
3580857943_24.jpg	21
3580857943_25.jpg	21
3585256422_26.jpg	21
3586306186_85.jpg	18
3602903123_35.jpg	26
360966316_17.jpg	19
3618901730_27.jpg	21
3621549337_22.jpg	3
3624592154_24.jpg	17
3625726534_23.jpg	3
362712915_19.jpg	7
362855616_20.jpg	7
3645362205_16.jpg	8
3652933741_19.jpg	2
3654131280_10.jpg	25
3654162612_11.jpg	25
3654486044_21.jpg	7
3655901349_21.jpg	11
3665300694_24.jpg	3
3667849173_17.jpg	16
3667849273_22.jpg	7
3669539019_23.jpg	7
3674972656_28.jpg	20
3675228207_28.jpg	13
3678571616_29.jpg	20
3682264340_12.jpg	25
3697311253_18.jpg	6
3705989051_36.jpg	26
3707178119_37.jpg	26
372180408_86.jpg	18
3726202356_25.jpg	3
3728967967_18.jpg	16
3729765088_23.jpg	14
3732387125_27.jpg	1
3733440395_20.jpg	2
3733440395_21.jpg	2
3733440395_22.jpg	2
3733440395_23.jpg	2
3733440395_24.jpg	2
3733440395_25.jpg	2
3733440395_26.jpg	2
3733440395_27.jpg	2
3733440395_28.jpg	2
3733440395_29.jpg	2
3733440395_30.jpg	2
3733440395_31.jpg	2
3733440395_32.jpg	2
3733440395_33.jpg	2
3733440395_34.jpg	2
3733440395_35.jpg	2
3733440395_36.jpg	2
3733440395_37.jpg	2
3733440395_38.jpg	2
3733440395_39.jpg	2
3733440395_40.jpg	2
3733440395_41.jpg	2
3733440395_42.jpg	2
3733440395_43.jpg	2
3733440395_44.jpg	2
3733440395_45.jpg	2
3734516894_22.jpg	11
3734548574_23.jpg	11
3734587026_24.jpg	11
3739623921_26.jpg	3
3743856885_29.jpg	13
3745298879_23.jpg	9
3752341982_25.jpg	17
3759339764_48.jpg	5
3759339764_49.jpg	5
3759339764_87.jpg	18
3759339764_88.jpg	18
3759339764_89.jpg	18
3759339764_90.jpg	18
3759339764_91.jpg	18
3759339764_92.jpg	18
3761584256_19.jpg	24
3765988249_19.jpg	6
3766774652_46.jpg	2
3767119813_30.jpg	13
3767119813_31.jpg	13
3776295441_20.jpg	24
3777915073_24.jpg	7
3777915073_25.jpg	7
3778060828_36.jpg	23
3785668123_16.jpg	12
3786440680_17.jpg	12
3786492252_18.jpg	12
3788581334_20.jpg	6
3792061769_17.jpg	8
3797114221_23.jpg	27
3800082210_19.jpg	12
3817452506_38.jpg	26
3818214962_21.jpg	24
3820383802_13.jpg	25
3828086787_21.jpg	6
3831371619_20.jpg	12
3831371619_21.jpg	12
3831371619_22.jpg	12
3834509832_39.jpg	26
3835918737_24.jpg	14
3836904950_26.jpg	17
3841255177_37.jpg	23
3841255177_38.jpg	23
3841255177_39.jpg	23
3846421099_24.jpg	9
3850753534_43.jpg	22
3854044541_24.jpg	27
3854044541_25.jpg	27
3858957735_25.jpg	14
3860951501_23.jpg	12
386268634_50.jpg	5
386268634_51.jpg	5
386268634_52.jpg	5
386268634_53.jpg	5
386268634_54.jpg	5
386268634_55.jpg	5
386268634_56.jpg	5
386891249_26.jpg	27
386891274_27.jpg	27
3872220190_44.jpg	22
3872220190_45.jpg	22
3880542136_26.jpg	14
3880700257_93.jpg	18
3880700257_94.jpg	18
3880700257_95.jpg	18
3880700257_96.jpg	18
3880700257_97.jpg	18
388483008_40.jpg	23
3888553492_30.jpg	20
3889420667_20.jpg	10
3889420667_21.jpg	10
389081363_41.jpg	23
389081363_42.jpg	23
3890972492_24.jpg	12
3892997631_27.jpg	17
3895511729_31.jpg	20
3900599890_43.jpg	23
390297596_28.jpg	27
390321909_28.jpg	1
3904333688_22.jpg	10
3905787011_29.jpg	27
3906521939_22.jpg	24
3906524725_23.jpg	24
3907298910_24.jpg	24
3907299992_25.jpg	24
3907306056_26.jpg	24
3907306684_27.jpg	24
3907307172_28.jpg	24
391805226_57.jpg	5
3930801475_25.jpg	11
3933416555_27.jpg	14
3947084971_14.jpg	25
3948869874_28.jpg	17
3950663671_30.jpg	27
3951357997_28.jpg	21
3953073564_58.jpg	5
3953073564_59.jpg	5
3953312516_46.jpg	22
3953312516_47.jpg	22
3958261033_23.jpg	10
3960429630_25.jpg	12
3960429630_26.jpg	12
3963201475_29.jpg	17
3967091276_18.jpg	8
3969698402_27.jpg	12
3969698402_28.jpg	12
397194032_32.jpg	20
3972897298_31.jpg	27
3979038472_19.jpg	8
3981421654_38.jpg	4
3988463526_29.jpg	21
3992886999_32.jpg	27
399293334_39.jpg	4
4002343429_22.jpg	15
4006128651_28.jpg	14
4006894378_26.jpg	7
4013254976_29.jpg	12
4018954001_26.jpg	11
4023480867_60.jpg	5
4027042513_48.jpg	22
40394187_27.jpg	11
4043571759_30.jpg	17
4049367740_49.jpg	22
4056335981_27.jpg	7
4061203190_29.jpg	1
4061203382_30.jpg	1
4061675184_31.jpg	1
406184685_28.jpg	7
406184685_29.jpg	7
4064818171_23.jpg	15
4077900663_18.jpg	19
4079945682_29.jpg	24
4080113868_24.jpg	10
4109425486_30.jpg	21
4115509028_20.jpg	8
4120098544_33.jpg	27
4122049731_40.jpg	26
4129431162_40.jpg	4
413894023_32.jpg	13
4146264467_33.jpg	20
4150061002_30.jpg	7
4152379789_41.jpg	26
4152379789_42.jpg	26
4152379789_43.jpg	26
4152379789_44.jpg	26
4152379789_45.jpg	26
4152379789_46.jpg	26
4152379789_47.jpg	26
4152379789_48.jpg	26
4152379789_49.jpg	26
4152379789_50.jpg	26
4152379789_51.jpg	26
4152379789_52.jpg	26
4152379789_53.jpg	26
4152379789_54.jpg	26
4152379789_55.jpg	26
4152379789_56.jpg	26
4152379789_57.jpg	26
4152379789_58.jpg	26
4152379789_59.jpg	26
4152379789_60.jpg	26
4152379789_61.jpg	26
4152379789_62.jpg	26
4152379789_63.jpg	26
4152379789_64.jpg	26
4152379789_65.jpg	26
4152379789_66.jpg	26
4152379789_67.jpg	26
4152379789_68.jpg	26
4152379789_69.jpg	26
4152379789_70.jpg	26
4152379789_71.jpg	26
4152379789_72.jpg	26
4152379789_73.jpg	26
4152379789_74.jpg	26
4152379789_75.jpg	26
4152379789_76.jpg	26
4152379789_77.jpg	26
4152379789_78.jpg	26
4152379789_79.jpg	26
4152379789_80.jpg	26
4152379789_81.jpg	26
4152379789_82.jpg	26
4152379789_83.jpg	26
4152379789_84.jpg	26
4152379789_85.jpg	26
4152379789_86.jpg	26
4152379789_87.jpg	26
4152379789_88.jpg	26
4152379789_89.jpg	26
4152379789_90.jpg	26
4152379789_91.jpg	26
4152379789_92.jpg	26
4152834821_31.jpg	21
4162347545_61.jpg	5
4162862374_28.jpg	11
4169127109_30.jpg	12
4169127109_31.jpg	12
4177800765_93.jpg	26
4181108300_47.jpg	2
4185417313_19.jpg	19
4185986382_94.jpg	26
418635708_48.jpg	2
4191201241_44.jpg	23
4191547874_19.jpg	16
4195591095_20.jpg	16
4199842585_41.jpg	4
4200918689_62.jpg	5
4205812739_21.jpg	16
4206331221_20.jpg	19
4208076672_21.jpg	19
4210274024_49.jpg	2
4211723460_50.jpg	2
4211723698_51.jpg	2
4211723816_52.jpg	2
4213412628_22.jpg	19
4213622833_50.jpg	22
4218731913_25.jpg	9
4218732095_26.jpg	9
4219499546_27.jpg	9
4219499614_28.jpg	9
4223850527_30.jpg	24
4225050520_32.jpg	21
4226875900_42.jpg	4
4226875900_43.jpg	4
4233825758_44.jpg	4
4250525590_22.jpg	6
4253102363_45.jpg	4
4253102363_46.jpg	4
4253115679_29.jpg	9
4253420625_27.jpg	3
4254091188_24.jpg	15
4257763673_34.jpg	20
4261671591_32.jpg	12
427097328_25.jpg	15
427099501_26.jpg	15
427128537_28.jpg	3
4280085481_30.jpg	9
428085258_25.jpg	10
4283515433_15.jpg	25
4283515433_16.jpg	25
4283515433_17.jpg	25
4283515483_18.jpg	25
4283515483_19.jpg	25
4283515483_20.jpg	25
4283515483_21.jpg	25
4283515483_22.jpg	25
4283515483_23.jpg	25
4283515483_24.jpg	25
4283515483_25.jpg	25
4284675151_26.jpg	25
4288066329_27.jpg	25
4290942909_31.jpg	24
42948260_51.jpg	22
4310191138_28.jpg	25
4310191138_29.jpg	25
4315831502_23.jpg	19
4316401444_23.jpg	6
4316555119_31.jpg	17
4319198593_32.jpg	24
4329940418_29.jpg	3
4330810490_52.jpg	22
4330810490_53.jpg	22
4336482746_32.jpg	1
4346142355_30.jpg	25
4346142355_31.jpg	25
4346890164_32.jpg	25
4347515520_31.jpg	7
4348579451_33.jpg	25
4348579451_34.jpg	25
4348579451_35.jpg	25
4353886132_26.jpg	10
43608011_27.jpg	15
436255718_24.jpg	6
4365790620_29.jpg	14
43671206_21.jpg	8
4367483371_33.jpg	24
4369857005_54.jpg	22
4370721779_47.jpg	4
4371354206_36.jpg	25
4371354206_37.jpg	25
4373836086_33.jpg	12
4376175015_32.jpg	17
4376175015_33.jpg	17
4376175015_34.jpg	17
4376175015_35.jpg	17
4376175015_36.jpg	17
4376175015_37.jpg	17
4376175015_38.jpg	17
4376175015_39.jpg	17
4379408143_22.jpg	16
4384704926_31.jpg	9
4387407495_55.jpg	22
4387407495_56.jpg	22
4400566703_30.jpg	3
4405304896_34.jpg	12
4405304896_35.jpg	12
4406609329_38.jpg	25
4408640253_39.jpg	25
4408640253_40.jpg	25
4416492947_40.jpg	17
4416492947_41.jpg	17
4416492947_42.jpg	17
4417603925_32.jpg	9
4422086623_33.jpg	9
442337651_53.jpg	2
4425356623_30.jpg	14
4426526983_24.jpg	19
4427242482_63.jpg	5
4429895221_33.jpg	21
4434414_95.jpg	26
4434414_96.jpg	26
4435973547_31.jpg	3
444194253_45.jpg	23
4443388098_28.jpg	15
4445560611_41.jpg	25
444595750_23.jpg	16
4448830339_64.jpg	5
4449281604_48.jpg	4
4449683069_22.jpg	8
4451970390_65.jpg	5
4453898896_29.jpg	11
4456691378_34.jpg	24
4458514217_36.jpg	12
447227594_37.jpg	12
4472726837_25.jpg	19
4479087754_30.jpg	11
4479087754_31.jpg	11
4486111617_57.jpg	22
4486111617_58.jpg	22
4486111617_59.jpg	22
4486111617_60.jpg	22
4486111617_61.jpg	22
4486111617_62.jpg	22
4491308340_26.jpg	19
4493513795_27.jpg	10
4499338915_33.jpg	1
4505787674_29.jpg	15
4506432358_27.jpg	19
4507852944_28.jpg	19
4512438754_66.jpg	5
451265524_34.jpg	1
452091543_29.jpg	19
4524715145_35.jpg	20
4524715145_36.jpg	20
4524715145_37.jpg	20
4525736729_34.jpg	21
4534861651_30.jpg	19
4537956983_31.jpg	19
4537970631_32.jpg	19
455131100_30.jpg	15
455162201_25.jpg	6
4553341804_38.jpg	12
4553341804_39.jpg	12
4559666515_35.jpg	21
4559666515_36.jpg	21
4559760305_32.jpg	3
4563793158_37.jpg	21
4563793158_38.jpg	21
4563793158_39.jpg	21
456474304_23.jpg	8
4570784808_35.jpg	24
4570784808_36.jpg	24
4570784808_37.jpg	24
4570784808_38.jpg	24
4570784808_39.jpg	24
4573390606_43.jpg	17
4576205927_46.jpg	23
4576205927_47.jpg	23
4576205927_48.jpg	23
4578493801_24.jpg	8
4581405295_25.jpg	8
4582547170_28.jpg	10
4582547214_29.jpg	10
4583055527_30.jpg	10
4583055527_31.jpg	10
4584588907_32.jpg	10
4585454903_33.jpg	3
4598657721_33.jpg	19
4599548273_26.jpg	6
4600427219_33.jpg	13
4602079969_40.jpg	12
4605631045_35.jpg	1
4618294181_34.jpg	3
4621612035_26.jpg	8
4621621793_42.jpg	25
4623943974_41.jpg	12
4641707954_32.jpg	7
4645582512_34.jpg	13
4653393540_98.jpg	18
4669468410_27.jpg	6
468087631_32.jpg	11
468087631_33.jpg	11
4682534504_34.jpg	27
4684596669_43.jpg	25
4690656866_97.jpg	26
4690656866_98.jpg	26
4694467394_35.jpg	27
4698952282_35.jpg	3
4701866293_24.jpg	16
4702500410_25.jpg	16
470289641_54.jpg	2
470289641_55.jpg	2
4707086638_40.jpg	21
4720150629_49.jpg	4
4721737396_35.jpg	13
4724828428_26.jpg	16
4731055503_44.jpg	17
4737345823_33.jpg	7
4743157495_50.jpg	4
474572183_67.jpg	5
4749057567_56.jpg	2
4749623965_34.jpg	7
4750267378_63.jpg	22
4752700666_27.jpg	8
4756751062_99.jpg	18
4757315595_31.jpg	14
4757315595_32.jpg	14
4758382348_28.jpg	8
4759888406_33.jpg	10
4761260517_36.jpg	1
4763207899_37.jpg	1
4763207899_38.jpg	1
4763207899_39.jpg	1
4763207899_40.jpg	1
4763207899_41.jpg	1
4763207899_42.jpg	1
4763207899_43.jpg	1
4763207899_44.jpg	1
4763209871_45.jpg	1
4763209871_46.jpg	1
4763209871_47.jpg	1
4763209871_48.jpg	1
4763209871_49.jpg	1
4763209871_50.jpg	1
4763209871_51.jpg	1
4763209871_52.jpg	1
4763210295_53.jpg	1
4763210295_54.jpg	1
4763210295_55.jpg	1
4763210295_56.jpg	1
4763210295_57.jpg	1
4763210295_58.jpg	1
4763210295_59.jpg	1
4763210295_60.jpg	1
4763847308_61.jpg	1
4763847308_62.jpg	1
4763847308_63.jpg	1
4763847308_64.jpg	1
4763847308_65.jpg	1
4763847308_66.jpg	1
4763847308_67.jpg	1
4763847308_68.jpg	1
4764653103_28.jpg	6
4764653103_29.jpg	6
4771691508_44.jpg	25
4771691508_45.jpg	25
4771691508_46.jpg	25
4771735876_47.jpg	25
4771735876_48.jpg	25
4771736332_49.jpg	25
4771736332_50.jpg	25
4788413611_34.jpg	9
490597155_33.jpg	14
498161252_38.jpg	20
50082240_99.jpg	26
50082240_100.jpg	26
50302921_34.jpg	10
50471578_36.jpg	27
513227877_29.jpg	8
513620863_45.jpg	17
513620863_46.jpg	17
516366872_36.jpg	13
51660550_30.jpg	6
51660551_31.jpg	6
51660552_32.jpg	6
51660552_33.jpg	6
538649986_34.jpg	19
542894584_68.jpg	5
542894584_69.jpg	5
542894584_70.jpg	5
542894584_71.jpg	5
542894584_72.jpg	5
542894584_73.jpg	5
542894584_74.jpg	5
557839607_27.jpg	16
582467906_37.jpg	13
605288903_47.jpg	17
653466096_51.jpg	4
704793401_64.jpg	22
744776649_35.jpg	9
7787186_69.jpg	1
779749903_28.jpg	16
786529071_42.jpg	12
788959598_30.jpg	8
791925651_70.jpg	1
79556016_38.jpg	13
82412168_37.jpg	27
82413169_38.jpg	27
844909343_29.jpg	16
87630579_75.jpg	5
879397507_36.jpg	9
882748860_30.jpg	16
89201664_34.jpg	14
96668817_39.jpg	20
98498585_35.jpg	19
99816106_40.jpg	20
